580;CENTRE NORD;Korhogo;ARMEE  DU BOUCAN;;;2020-09-04 00:00;18:00:00;;100;0;0;0;2020-08-31;2020-09-06
581;CENTRE NORD;Korhogo;ARMEE  DU BOUCAN;;;2020-09-05 00:00;18:00:00;;100;0;0;0;2020-08-31;2020-09-06
582;CENTRE NORD;Korhogo;ARMEE  DU BOUCAN;;;2020-09-06 00:00;16:00:00;;100;0;0;0;2020-08-31;2020-09-06
583;CENTRE NORD;Korhogo;PETIT BOIS SACREE;;;2020-09-04 00:00;14:00:00;;100;0;0;0;2020-08-31;2020-09-06
584;CENTRE NORD;Korhogo;PETIT BOIS SACREE;;;2020-09-05 00:00;14:00:00;;100;0;0;0;2020-08-31;2020-09-06
585;CENTRE NORD;Korhogo;PETIT BOIS SACREE;;;2020-09-06 00:00;14:00:00;;100;0;0;0;2020-08-31;2020-09-06
586;CENTRE NORD;Korhogo;LAS VEGASS;;;2020-09-04 00:00;20:00:00;;100;0;0;0;2020-08-31;2020-09-06
587;CENTRE NORD;Korhogo;LAS VEGASS;;;2020-09-05 00:00;20:00:00;;100;0;0;0;2020-08-31;2020-09-06
588;CENTRE NORD;Korhogo;LAS VEGASS;;;2020-09-06 00:00;20:00:00;;100;0;0;0;2020-08-31;2020-09-06
589;CENTRE NORD;Korhogo;ESPACE KYL;;;2020-09-03 00:00;19:00:00;;100;0;0;0;2020-08-31;2020-09-06
590;CENTRE NORD;Korhogo;ESPACE KYL;;;2020-09-04 00:00;19:00:00;;100;0;0;0;2020-08-31;2020-09-06
591;CENTRE NORD;Korhogo;ESPACE KYL;;;2020-09-05 00:00;19:00:00;;100;0;0;0;2020-08-31;2020-09-06
592;CENTRE NORD;Korhogo;ESPACE KYL;;;2020-09-06 00:00;19:00:00;;100;0;0;0;2020-08-31;2020-09-06
593;CENTRE NORD;Korhogo;PELOUSE ;;;2020-09-04 00:00;19:00:00;;60;0;0;0;2020-08-31;2020-09-06
594;CENTRE NORD;Korhogo;PELOUSE ;;;2020-09-05 00:00;19:00:00;;60;0;0;0;2020-08-31;2020-09-06
595;CENTRE NORD;Korhogo;PELOUSE ;;;2020-09-06 00:00;19:00:00;;60;0;0;0;2020-08-31;2020-09-06
596;CENTRE NORD;Korhogo;ANDROID;;;2020-09-04 00:00;19:00:00;;75;0;0;0;2020-08-31;2020-09-06
597;CENTRE NORD;Korhogo;ANDROID;;;2020-09-05 00:00;19:00:00;;75;0;0;0;2020-08-31;2020-09-06
598;CENTRE NORD;Korhogo;ANDROID;;;2020-09-06 00:00;19:00:00;;75;0;0;0;2020-08-31;2020-09-06
599;CENTRE NORD;Korhogo;TERMINUS DU ZOUGLOU;;;2020-09-04 00:00;19:00:00;;80;0;0;0;2020-08-31;2020-09-06
600;CENTRE NORD;Korhogo;TERMINUS DU ZOUGLOU;;;2020-09-05 00:00;19:00:00;;80;0;0;0;2020-08-31;2020-09-06
601;CENTRE NORD;Korhogo;TERMINUS DU ZOUGLOU;;;2020-09-06 00:00;19:00:00;;80;0;0;0;2020-08-31;2020-09-06
602;CENTRE NORD;Yakro;MARKET VIP;;;2020-09-04 00:00;19:00:00;;30;0;0;0;2020-08-31;2020-09-06
603;CENTRE NORD;Yakro;MARKET VIP;;;2020-09-05 00:00;19:00:00;;30;0;0;0;2020-08-31;2020-09-06
604;CENTRE NORD;Yakro;MARKET VIP;;;2020-09-06 00:00;19:00:00;;30;0;0;0;2020-08-31;2020-09-06
605;CENTRE NORD;Bouafle;INFLUENMENTO 2;;;2020-09-04 00:00;18:00:00;;30;0;0;0;2020-08-31;2020-09-06
606;CENTRE NORD;Bouafle;INFLUENMENTO 2;;;2020-09-05 00:00;18:00:00;;30;0;0;0;2020-08-31;2020-09-06
607;CENTRE NORD;Bouafle;INFLUENMENTO 2;;;2020-09-06 00:00;18:00:00;;30;0;0;0;2020-08-31;2020-09-06
608;CENTRE NORD;Bouafle;PLAN B;;;2020-09-04 00:00;18:00:00;;30;0;0;0;2020-08-31;2020-09-06
609;CENTRE NORD;Bouafle;PLAN B;;;2020-09-05 00:00;18:00:00;;30;0;0;0;2020-08-31;2020-09-06
610;CENTRE NORD;Bouafle;PLAN B;;;2020-09-06 00:00;18:00:00;;30;0;0;0;2020-08-31;2020-09-06
611;CENTRE NORD;Bouafle;LA MAISON DE ROLAND;;;2020-09-04 00:00;15:00:00;;30;0;0;0;2020-08-31;2020-09-06
612;CENTRE NORD;Bouafle;LA MAISON DE ROLAND;;;2020-09-05 00:00;15:00:00;;30;0;0;0;2020-08-31;2020-09-06
613;CENTRE NORD;Bouafle;LA MAISON DE ROLAND;;;2020-09-06 00:00;15:00:00;;30;0;0;0;2020-08-31;2020-09-06
614;CENTRE NORD;Bouake;CODE;;;2020-09-04 00:00;19:00:00;;70;0;0;0;2020-08-31;2020-09-06
615;CENTRE NORD;Bouake;CODE;;;2020-09-05 00:00;19:00:00;;70;0;0;0;2020-08-31;2020-09-06
616;CENTRE NORD;Bouake;CODE;;;2020-09-06 00:00;19:00:00;;70;0;0;0;2020-08-31;2020-09-06
617;CENTRE NORD;Bouake;BATACLAN;;;2020-09-02 00:00;12:00:00;;70;0;0;0;2020-08-31;2020-09-06
618;CENTRE NORD;Bouake;BATACLAN;;;2020-09-03 00:00;12:00:00;;70;0;0;0;2020-08-31;2020-09-06
619;CENTRE NORD;Bouake;BATACLAN;;;2020-09-04 00:00;11:00:00;;70;0;0;0;2020-08-31;2020-09-06
620;CENTRE NORD;Bouake;BATACLAN;;;2020-09-05 00:00;11:00:00;;70;0;0;0;2020-08-31;2020-09-06
621;CENTRE NORD;Bouake;BATACLAN;;;2020-09-06 00:00;11:00:00;;70;0;0;0;2020-08-31;2020-09-06
622;CENTRE NORD;Bouake;ON OFF;;;2020-09-04 00:00;18:00:00;;70;0;0;0;2020-08-31;2020-09-06
623;CENTRE NORD;Bouake;ON OFF;;;2020-09-05 00:00;18:00:00;;70;0;0;0;2020-08-31;2020-09-06
624;CENTRE NORD;Bouake;ON OFF;;;2020-09-06 00:00;17:00:00;;70;0;0;0;2020-08-31;2020-09-06
625;CENTRE NORD;Bouake;ACCOUSTIC;;;2020-09-04 00:00;19:00:00;;70;0;0;0;2020-08-31;2020-09-06
626;CENTRE NORD;Bouake;ACCOUSTIC;;;2020-09-05 00:00;19:00:00;;70;0;0;0;2020-08-31;2020-09-06
627;CENTRE NORD;Bouake;ACCOUSTIC;;;2020-09-06 00:00;19:00:00;;70;0;0;0;2020-08-31;2020-09-06
628;CENTRE NORD;Bouake;MARKET;;;2020-09-04 00:00;19:00:00;;100;0;0;0;2020-08-31;2020-09-06
629;CENTRE NORD;Bouake;MARKET;;;2020-09-05 00:00;19:00:00;;100;0;0;0;2020-08-31;2020-09-06
630;CENTRE NORD;Bouake;MARKET;;;2020-09-06 00:00;19:00:00;;100;0;0;0;2020-08-31;2020-09-06
631;CENTRE NORD;Bouake;6EME;;;2020-09-04 00:00;19:00:00;;70;0;0;0;2020-08-31;2020-09-06
632;CENTRE NORD;Bouake;6EME;;;2020-09-05 00:00;19:00:00;;70;0;0;0;2020-08-31;2020-09-06
633;CENTRE NORD;Bouake;6EME;;;2020-09-06 00:00;19:00:00;;70;0;0;0;2020-08-31;2020-09-06
634;CENTRE NORD;Bouake;OPERA;;;2020-09-04 00:00;20:00:00;;70;0;0;0;2020-08-31;2020-09-06
635;CENTRE NORD;Bouake;OPERA;;;2020-09-05 00:00;20:00:00;;70;0;0;0;2020-08-31;2020-09-06
636;CENTRE NORD;Bouake;OPERA;;;2020-09-06 00:00;19:00:00;;70;0;0;0;2020-08-31;2020-09-06
637;CENTRE NORD;Bouake;WIFI;;;2020-09-04 00:00;18:00:00;;60;0;0;0;2020-08-31;2020-09-06
638;CENTRE NORD;Bouake;WIFI;;;2020-09-05 00:00;18:00:00;;60;0;0;0;2020-08-31;2020-09-06
639;CENTRE NORD;Bouake;WIFI;;;2020-09-06 00:00;17:00:00;;60;0;0;0;2020-08-31;2020-09-06
640;CENTRE NORD;Bouake;CAVE DU QUARTIER;;;2020-09-04 00:00;17:00:00;;0;0;10;0;2020-08-31;2020-09-06
641;CENTRE NORD;Bouake;CAVE DU QUARTIER;;;2020-09-05 00:00;17:00:00;;0;0;10;0;2020-08-31;2020-09-06
642;CENTRE NORD;Bouake;CAVE DU QUARTIER;;;2020-09-06 00:00;17:00:00;;0;0;10;0;2020-08-31;2020-09-06
643;EST ET PERIPHERIES;BASSAM;LA BERCEUSE;;;2020-09-03 00:00;16:00:00;;80;0;0;0;2020-08-31;2020-09-06
644;EST ET PERIPHERIES;BASSAM;LE TROLY;;;2020-09-03 00:00;15:00:00;;60;0;0;0;2020-08-31;2020-09-06
645;EST ET PERIPHERIES;BONOUA;SELFIE ;;;2020-09-03 00:00;15:00:00;;60;0;0;0;2020-08-31;2020-09-06
646;EST ET PERIPHERIES;BONOUA;LA TERRASSE DES GRANDS;;;2020-09-03 00:00;15:00:00;;60;0;0;0;2020-08-31;2020-09-06
647;EST ET PERIPHERIES;BONOUA;CHAMPIONS LEAGUE;;;2020-09-03 00:00;15:00:00;;60;0;0;0;2020-08-31;2020-09-06
648;EST ET PERIPHERIES;BONOUA;LE PREMIER ;;;2020-09-03 00:00;15:00:00;;60;0;0;0;2020-08-31;2020-09-06
649;EST ET PERIPHERIES;ABOISSO;MONOPOLE;;;2020-09-03 00:00;16:00:00;;60;0;0;0;2020-08-31;2020-09-06
650;EST ET PERIPHERIES;DABOU;17 - 18 ;;;2020-09-03 00:00;16:00:00;;60;0;0;0;2020-08-31;2020-09-06
651;EST ET PERIPHERIES;DABOU;QUAY  D'ORSAY;;;2020-09-03 00:00;16:00:00;;60;0;0;0;2020-08-31;2020-09-06
652;EST ET PERIPHERIES;DABOU;CHEZ  DOS;;;2020-09-03 00:00;16:00:00;;60;0;0;0;2020-08-31;2020-09-06
653;EST ET PERIPHERIES;DABOU;PLANTATION;;;2020-09-03 00:00;16:00:00;;60;0;0;0;2020-08-31;2020-09-06
654;EST ET PERIPHERIES;DABOU;PLANETE DES STARS;;;2020-09-03 00:00;16:00:00;;60;0;0;0;2020-08-31;2020-09-06
655;EST ET PERIPHERIES;ADZOPE;PELOUSE;;;2020-09-03 00:00;20:00:00;;80;0;0;0;2020-08-31;2020-09-06
656;EST ET PERIPHERIES;ADZOPE;CAVE A PLUS;;;2020-09-03 00:00;20:00:00;;60;0;0;0;2020-08-31;2020-09-06
657;EST ET PERIPHERIES;ADZOPE;EMINEM;;;2020-09-03 00:00;20:00:00;;80;0;0;0;2020-08-31;2020-09-06
658;EST ET PERIPHERIES;ADZOPE;LA CACHETTE TOULUSE;;;2020-09-03 00:00;20:00:00;;60;0;0;0;2020-08-31;2020-09-06
659;EST ET PERIPHERIES;AGBOVILLE;PELOUSE (MOUTCHO);;;2020-09-03 00:00;16:00:00;;80;0;0;0;2020-08-31;2020-09-06
660;EST ET PERIPHERIES;AGBOVILLE;MAISON BLANCHE;;;2020-09-03 00:00;18:00:00;;60;0;0;0;2020-08-31;2020-09-06
661;EST ET PERIPHERIES;AGBOVILLE;SIKENSI GASOIL;;;2020-09-03 00:00;18:00:00;;60;0;0;0;2020-08-31;2020-09-06
662;EST ET PERIPHERIES;AGBOVILLE;WIFI;;;2020-09-03 00:00;18:00:00;;60;0;0;0;2020-08-31;2020-09-06
663;EST ET PERIPHERIES;ABENGOUROU;KREMLIN;;;2020-09-03 00:00;17:00:00;;60;0;0;0;2020-08-31;2020-09-06
664;EST ET PERIPHERIES;ABENGOUROU;UNIVERSITE DE LA JOIE;;;2020-09-03 00:00;17:00:00;;60;0;0;0;2020-08-31;2020-09-06
665;EST ET PERIPHERIES;ABENGOUROU;MANCHESTER;;;2020-09-03 00:00;16:00:00;;60;0;0;0;2020-08-31;2020-09-06
666;EST ET PERIPHERIES;ABENGOUROU;ZHENIX;;;2020-09-03 00:00;16:00:00;;60;0;0;0;2020-08-31;2020-09-06
667;EST ET PERIPHERIES;BASSAM;LA BERCEUSE;;;2020-09-04 00:00;16:00:00;;80;0;0;0;2020-08-31;2020-09-06
668;EST ET PERIPHERIES;BASSAM;LE TROLY;;;2020-09-04 00:00;15:00:00;;60;0;0;0;2020-08-31;2020-09-06
669;EST ET PERIPHERIES;BONOUA;SELFIE ;;;2020-09-04 00:00;15:00:00;;60;0;0;0;2020-08-31;2020-09-06
670;EST ET PERIPHERIES;BONOUA;LA TERRASSE DES GRANDS;;;2020-09-04 00:00;15:00:00;;60;0;0;0;2020-08-31;2020-09-06
671;EST ET PERIPHERIES;BONOUA;CHAMPIONS LEAGUE;;;2020-09-04 00:00;15:00:00;;60;0;0;0;2020-08-31;2020-09-06
672;EST ET PERIPHERIES;BONOUA;LE PREMIER ;;;2020-09-04 00:00;15:00:00;;60;0;0;0;2020-08-31;2020-09-06
673;EST ET PERIPHERIES;ABOISSO;MONOPOLE;;;2020-09-04 00:00;16:00:00;;60;0;0;0;2020-08-31;2020-09-06
674;EST ET PERIPHERIES;DABOU;17 - 18 ;;;2020-09-04 00:00;16:00:00;;60;0;0;0;2020-08-31;2020-09-06
675;EST ET PERIPHERIES;DABOU;QUAY  D'ORSAY;;;2020-09-04 00:00;16:00:00;;60;0;0;0;2020-08-31;2020-09-06
676;EST ET PERIPHERIES;DABOU;CHEZ  DOS;;;2020-09-04 00:00;16:00:00;;60;0;0;0;2020-08-31;2020-09-06
677;EST ET PERIPHERIES;DABOU;PLANTATION;;;2020-09-04 00:00;16:00:00;;60;0;0;0;2020-08-31;2020-09-06
678;EST ET PERIPHERIES;DABOU;PLANETE DES STARS;;;2020-09-04 00:00;16:00:00;;60;0;0;0;2020-08-31;2020-09-06
679;EST ET PERIPHERIES;ADZOPE;PELOUSE;;;2020-09-04 00:00;20:00:00;;80;0;0;0;2020-08-31;2020-09-06
680;EST ET PERIPHERIES;ADZOPE;CAVE A PLUS;;;2020-09-04 00:00;20:00:00;;60;0;0;0;2020-08-31;2020-09-06
681;EST ET PERIPHERIES;ADZOPE;EMINEM;;;2020-09-04 00:00;20:00:00;;80;0;0;0;2020-08-31;2020-09-06
682;EST ET PERIPHERIES;ADZOPE;LA CACHETTE TOULUSE;;;2020-09-04 00:00;20:00:00;;60;0;0;0;2020-08-31;2020-09-06
683;EST ET PERIPHERIES;AGBOVILLE;PELOUSE (MOUTCHO);;;2020-09-04 00:00;16:00:00;;80;0;0;0;2020-08-31;2020-09-06
684;EST ET PERIPHERIES;AGBOVILLE;MAISON BLANCHE;;;2020-09-04 00:00;18:00:00;;60;0;0;0;2020-08-31;2020-09-06
685;EST ET PERIPHERIES;AGBOVILLE;SIKENSI GASOIL;;;2020-09-04 00:00;18:00:00;;60;0;0;0;2020-08-31;2020-09-06
686;EST ET PERIPHERIES;AGBOVILLE;WIFI;;;2020-09-04 00:00;18:00:00;;60;0;0;0;2020-08-31;2020-09-06
687;EST ET PERIPHERIES;ABENGOUROU;KREMLIN;;;2020-09-04 00:00;17:00:00;;60;0;0;0;2020-08-31;2020-09-06
688;EST ET PERIPHERIES;ABENGOUROU;UNIVERSITE DE LA JOIE;;;2020-09-04 00:00;17:00:00;;60;0;0;0;2020-08-31;2020-09-06
689;EST ET PERIPHERIES;ABENGOUROU;MANCHESTER;;;2020-09-04 00:00;16:00:00;;60;0;0;0;2020-08-31;2020-09-06
690;EST ET PERIPHERIES;ABENGOUROU;ZHENIX;;;2020-09-04 00:00;16:00:00;;60;0;0;0;2020-08-31;2020-09-06
691;EST ET PERIPHERIES;BASSAM;LA BERCEUSE;;;2020-09-05 00:00;16:00:00;;80;0;0;0;2020-08-31;2020-09-06
692;EST ET PERIPHERIES;BASSAM;LE TROLY;;;2020-09-05 00:00;15:00:00;;60;0;0;0;2020-08-31;2020-09-06
693;EST ET PERIPHERIES;BONOUA;SELFIE ;;;2020-09-05 00:00;15:00:00;;60;0;0;0;2020-08-31;2020-09-06
694;EST ET PERIPHERIES;BONOUA;LA TERRASSE DES GRANDS;;;2020-09-05 00:00;15:00:00;;60;0;0;0;2020-08-31;2020-09-06
695;EST ET PERIPHERIES;BONOUA;CHAMPIONS LEAGUE;;;2020-09-05 00:00;15:00:00;;60;0;0;0;2020-08-31;2020-09-06
696;EST ET PERIPHERIES;BONOUA;LE PREMIER ;;;2020-09-05 00:00;15:00:00;;60;0;0;0;2020-08-31;2020-09-06
697;EST ET PERIPHERIES;ABOISSO;MONOPOLE;;;2020-09-05 00:00;16:00:00;;60;0;0;0;2020-08-31;2020-09-06
698;EST ET PERIPHERIES;DABOU;17 - 18 ;;;2020-09-05 00:00;16:00:00;;60;0;0;0;2020-08-31;2020-09-06
699;EST ET PERIPHERIES;DABOU;QUAY  D'ORSAY;;;2020-09-05 00:00;16:00:00;;60;0;0;0;2020-08-31;2020-09-06
700;EST ET PERIPHERIES;DABOU;CHEZ  DOS;;;2020-09-05 00:00;16:00:00;;60;0;0;0;2020-08-31;2020-09-06
701;EST ET PERIPHERIES;DABOU;PLANTATION;;;2020-09-05 00:00;16:00:00;;60;0;0;0;2020-08-31;2020-09-06
702;EST ET PERIPHERIES;DABOU;PLANETE DES STARS;;;2020-09-05 00:00;16:00:00;;60;0;0;0;2020-08-31;2020-09-06
703;EST ET PERIPHERIES;ADZOPE;PELOUSE;;;2020-09-05 00:00;20:00:00;;80;0;0;0;2020-08-31;2020-09-06
704;EST ET PERIPHERIES;ADZOPE;CAVE A PLUS;;;2020-09-05 00:00;20:00:00;;60;0;0;0;2020-08-31;2020-09-06
705;EST ET PERIPHERIES;ADZOPE;EMINEM;;;2020-09-05 00:00;20:00:00;;80;0;0;0;2020-08-31;2020-09-06
706;EST ET PERIPHERIES;ADZOPE;LA CACHETTE TOULUSE;;;2020-09-05 00:00;20:00:00;;60;0;0;0;2020-08-31;2020-09-06
707;EST ET PERIPHERIES;AGBOVILLE;PELOUSE (MOUTCHO);;;2020-09-05 00:00;16:00:00;;80;0;0;0;2020-08-31;2020-09-06
708;EST ET PERIPHERIES;AGBOVILLE;MAISON BLANCHE;;;2020-09-05 00:00;18:00:00;;60;0;0;0;2020-08-31;2020-09-06
709;EST ET PERIPHERIES;AGBOVILLE;SIKENSI GASOIL;;;2020-09-05 00:00;18:00:00;;60;0;0;0;2020-08-31;2020-09-06
710;EST ET PERIPHERIES;AGBOVILLE;WIFI;;;2020-09-05 00:00;18:00:00;;60;0;0;0;2020-08-31;2020-09-06
711;EST ET PERIPHERIES;ABENGOUROU;KREMLIN;;;2020-09-05 00:00;17:00:00;;60;0;0;0;2020-08-31;2020-09-06
712;EST ET PERIPHERIES;ABENGOUROU;UNIVERSITE DE LA JOIE;;;2020-09-05 00:00;17:00:00;;60;0;0;0;2020-08-31;2020-09-06
713;EST ET PERIPHERIES;ABENGOUROU;MANCHESTER;;;2020-09-05 00:00;16:00:00;;60;0;0;0;2020-08-31;2020-09-06
714;EST ET PERIPHERIES;ABENGOUROU;ZHENIX;;;2020-09-05 00:00;16:00:00;;60;0;0;0;2020-08-31;2020-09-06
715;EST ET PERIPHERIES;ABOISSO;PETIT BONHEUR;;;2020-09-03 00:00;10:00:00;;0;0;45;0;2020-08-31;2020-09-06
716;EST ET PERIPHERIES;ABOISSO;BEST OF;;;2020-09-03 00:00;10:00:00;;0;0;45;0;2020-08-31;2020-09-06
717;EST ET PERIPHERIES;ABOISSO;OBV;;;2020-09-03 00:00;10:00:00;;0;0;45;0;2020-08-31;2020-09-06
718;EST ET PERIPHERIES;ABOISSO;CHEZ  NINI;;;2020-09-03 00:00;10:00:00;;0;0;45;0;2020-08-31;2020-09-06
719;EST ET PERIPHERIES;ABOISSO;ALICE ;;;2020-09-03 00:00;10:00:00;;0;0;45;0;2020-08-31;2020-09-06
720;EST ET PERIPHERIES;ADZOPE;LINGOT G OR;;;2020-09-03 00:00;10:00:00;;0;0;80;0;2020-08-31;2020-09-06
721;EST ET PERIPHERIES;ADZOPE;TITANIC;;;2020-09-03 00:00;10:00:00;;0;0;60;0;2020-08-31;2020-09-06
722;EST ET PERIPHERIES;ADZOPE;CAPITOLE INTER;;;2020-09-03 00:00;10:00:00;;0;0;60;0;2020-08-31;2020-09-06
723;EST ET PERIPHERIES;ADZOPE;DIGITAL CAVE;;;2020-09-03 00:00;10:00:00;;0;0;80;0;2020-08-31;2020-09-06
724;EST ET PERIPHERIES;DABOU;POUVOIR;;;2020-09-03 00:00;10:00:00;;0;0;60;0;2020-08-31;2020-09-06
725;EST ET PERIPHERIES;ABOISSO;PETIT BONHEUR;;;2020-09-04 00:00;10:00:00;;0;0;45;0;2020-08-31;2020-09-06
726;EST ET PERIPHERIES;ABOISSO;BEST OF;;;2020-09-04 00:00;10:00:00;;0;0;45;0;2020-08-31;2020-09-06
727;EST ET PERIPHERIES;ABOISSO;OBV;;;2020-09-04 00:00;10:00:00;;0;0;45;0;2020-08-31;2020-09-06
728;EST ET PERIPHERIES;ABOISSO;CHEZ  NINI;;;2020-09-04 00:00;10:00:00;;0;0;45;0;2020-08-31;2020-09-06
729;EST ET PERIPHERIES;ABOISSO;ALICE ;;;2020-09-04 00:00;10:00:00;;0;0;45;0;2020-08-31;2020-09-06
730;EST ET PERIPHERIES;ADZOPE;LINGOT G OR;;;2020-09-04 00:00;10:00:00;;0;0;80;0;2020-08-31;2020-09-06
731;EST ET PERIPHERIES;ADZOPE;TITANIC;;;2020-09-04 00:00;10:00:00;;0;0;60;0;2020-08-31;2020-09-06
732;EST ET PERIPHERIES;ADZOPE;CAPITOLE INTER;;;2020-09-04 00:00;10:00:00;;0;0;60;0;2020-08-31;2020-09-06
733;EST ET PERIPHERIES;ADZOPE;DIGITAL CAVE;;;2020-09-04 00:00;10:00:00;;0;0;80;0;2020-08-31;2020-09-06
734;EST ET PERIPHERIES;DABOU;POUVOIR;;;2020-09-04 00:00;10:00:00;;0;0;60;0;2020-08-31;2020-09-06
735;EST ET PERIPHERIES;ABOISSO;PETIT BONHEUR;;;2020-09-05 00:00;10:00:00;;0;0;45;0;2020-08-31;2020-09-06
736;EST ET PERIPHERIES;ABOISSO;BEST OF;;;2020-09-05 00:00;10:00:00;;0;0;45;0;2020-08-31;2020-09-06
737;EST ET PERIPHERIES;ABOISSO;OBV;;;2020-09-05 00:00;10:00:00;;0;0;45;0;2020-08-31;2020-09-06
738;EST ET PERIPHERIES;ABOISSO;CHEZ  NINI;;;2020-09-05 00:00;10:00:00;;0;0;45;0;2020-08-31;2020-09-06
739;EST ET PERIPHERIES;ABOISSO;ALICE ;;;2020-09-05 00:00;10:00:00;;0;0;45;0;2020-08-31;2020-09-06
740;EST ET PERIPHERIES;ADZOPE;LINGOT G OR;;;2020-09-05 00:00;10:00:00;;0;0;80;0;2020-08-31;2020-09-06
741;EST ET PERIPHERIES;ADZOPE;TITANIC;;;2020-09-05 00:00;10:00:00;;0;0;60;0;2020-08-31;2020-09-06
742;EST ET PERIPHERIES;ADZOPE;CAPITOLE INTER;;;2020-09-05 00:00;10:00:00;;0;0;60;0;2020-08-31;2020-09-06
743;EST ET PERIPHERIES;ADZOPE;DIGITAL CAVE;;;2020-09-05 00:00;10:00:00;;0;0;80;0;2020-08-31;2020-09-06
744;EST ET PERIPHERIES;DABOU;POUVOIR;;;2020-09-05 00:00;10:00:00;;0;0;60;0;2020-08-31;2020-09-06
745;OUEST 1;SAN PEDRO;RAME VIP;;;2020-09-03 00:00;19:00:00;;45;0;0;0;2020-08-31;2020-09-06
746;OUEST 1;SAN PEDRO;SHANGHAI VIP;;;2020-09-03 00:00;19:00:00;;45;0;0;0;2020-08-31;2020-09-06
747;OUEST 1;SAN PEDRO;VOX BAR;;;2020-09-03 00:00;22:00:00;;45;0;0;0;2020-08-31;2020-09-06
748;OUEST 1;SAN PEDRO;SIPO BAR;;;2020-09-03 00:00;20:00:00;;30;0;0;0;2020-08-31;2020-09-06
749;OUEST 1;SOUBRE;CAVE DU BONHEUR ;;;2020-09-03 00:00;20:00:00;;30;0;0;0;2020-08-31;2020-09-06
750;OUEST 1;SOUBRE;MAQUIS RAV 4;;;2020-09-03 00:00;20:00:00;;30;0;0;0;2020-08-31;2020-09-06
751;OUEST 1;SOUBRE;TEMPLE DU ZOUGLOU;;;2020-09-03 00:00;20:00:00;;30;0;0;0;2020-08-31;2020-09-06
752;OUEST 1;SOUBRE;MAQUIS 1759;;;2020-09-03 00:00;20:00:00;;45;0;0;0;2020-08-31;2020-09-06
753;OUEST 1;SOUBRE;BAR SOUBRE PARIS;;;2020-09-03 00:00;20:00:00;;40;0;0;0;2020-08-31;2020-09-06
754;OUEST 1;SAN PEDRO;VOG ;;;2020-09-03 00:00;20:00:00;;45;0;0;0;2020-08-31;2020-09-06
755;OUEST 1;SAN PEDRO;TATAMY;;;2020-09-03 00:00;20:00:00;;45;0;0;0;2020-08-31;2020-09-06
756;OUEST 1;SAN PEDRO;BRASSERIE;;;2020-09-03 00:00;20:00:00;;25;0;0;0;2020-08-31;2020-09-06
757;OUEST 1;GAGNOA;ZOUGLOU ONI;;;2020-09-03 00:00;20:00:00;;60;0;0;0;2020-08-31;2020-09-06
758;OUEST 1;GAGNOA;ZOUGLOU FASHION;;;2020-09-03 00:00;20:00:00;;60;0;0;0;2020-08-31;2020-09-06
759;OUEST 1;GAGNOA;ALLONS À GAGNOA;;;2020-09-03 00:00;18:00:00;;60;0;0;0;2020-08-31;2020-09-06
760;OUEST 1;GAGNOA;PARC DES PRINCES;;;2020-09-03 00:00;18:00:00;;60;0;0;0;2020-08-31;2020-09-06
761;OUEST 1;GAGNOA;CAVE DES ROIS;;;2020-09-03 00:00;18:00:00;;60;0;0;0;2020-08-31;2020-09-06
762;OUEST 1;GAGNOA;ESPACE COMPAGNIE;;;2020-09-03 00:00;18:00:00;;60;0;0;0;2020-08-31;2020-09-06
763;OUEST 1;SAN PEDRO;RAME VIP;;;2020-09-04 00:00;19:00:00;;45;0;0;0;2020-08-31;2020-09-06
764;OUEST 1;SAN PEDRO;SHANGHAI VIP;;;2020-09-04 00:00;19:00:00;;45;0;0;0;2020-08-31;2020-09-06
765;OUEST 1;SAN PEDRO;VOX BAR;;;2020-09-04 00:00;22:00:00;;45;0;0;0;2020-08-31;2020-09-06
766;OUEST 1;SAN PEDRO;SIPO BAR;;;2020-09-04 00:00;20:00:00;;30;0;0;0;2020-08-31;2020-09-06
767;OUEST 1;SOUBRE;CAVE DU BONHEUR ;;;2020-09-04 00:00;20:00:00;;30;0;0;0;2020-08-31;2020-09-06
768;OUEST 1;SOUBRE;MAQUIS RAV 4;;;2020-09-04 00:00;20:00:00;;30;0;0;0;2020-08-31;2020-09-06
769;OUEST 1;SOUBRE;TEMPLE DU ZOUGLOU;;;2020-09-04 00:00;20:00:00;;30;0;0;0;2020-08-31;2020-09-06
770;OUEST 1;SOUBRE;MAQUIS 1759;;;2020-09-04 00:00;20:00:00;;45;0;0;0;2020-08-31;2020-09-06
771;OUEST 1;SOUBRE;BAR SOUBRE PARIS;;;2020-09-04 00:00;20:00:00;;40;0;0;0;2020-08-31;2020-09-06
772;OUEST 1;SAN PEDRO;VOG ;;;2020-09-04 00:00;20:00:00;;45;0;0;0;2020-08-31;2020-09-06
773;OUEST 1;SAN PEDRO;TATAMY;;;2020-09-04 00:00;20:00:00;;45;0;0;0;2020-08-31;2020-09-06
774;OUEST 1;SAN PEDRO;BRASSERIE;;;2020-09-04 00:00;20:00:00;;25;0;0;0;2020-08-31;2020-09-06
775;OUEST 1;GAGNOA;ZOUGLOU ONI;;;2020-09-04 00:00;20:00:00;;60;0;0;0;2020-08-31;2020-09-06
776;OUEST 1;GAGNOA;ZOUGLOU FASHION;;;2020-09-04 00:00;20:00:00;;60;0;0;0;2020-08-31;2020-09-06
777;OUEST 1;GAGNOA;ALLONS À GAGNOA;;;2020-09-04 00:00;18:00:00;;60;0;0;0;2020-08-31;2020-09-06
778;OUEST 1;GAGNOA;PARC DES PRINCES;;;2020-09-04 00:00;18:00:00;;60;0;0;0;2020-08-31;2020-09-06
779;OUEST 1;GAGNOA;CAVE DES ROIS;;;2020-09-04 00:00;18:00:00;;60;0;0;0;2020-08-31;2020-09-06
780;OUEST 1;GAGNOA;ESPACE COMPAGNIE;;;2020-09-04 00:00;18:00:00;;60;0;0;0;2020-08-31;2020-09-06
781;OUEST 1;SAN PEDRO;RAME VIP;;;2020-09-05 00:00;19:00:00;;45;0;0;0;2020-08-31;2020-09-06
782;OUEST 1;SAN PEDRO;SHANGHAI VIP;;;2020-09-05 00:00;19:00:00;;45;0;0;0;2020-08-31;2020-09-06
783;OUEST 1;SAN PEDRO;VOX BAR;;;2020-09-05 00:00;22:00:00;;45;0;0;0;2020-08-31;2020-09-06
784;OUEST 1;SAN PEDRO;SIPO BAR;;;2020-09-05 00:00;20:00:00;;30;0;0;0;2020-08-31;2020-09-06
785;OUEST 1;SOUBRE;CAVE DU BONHEUR ;;;2020-09-05 00:00;20:00:00;;30;0;0;0;2020-08-31;2020-09-06
786;OUEST 1;SOUBRE;MAQUIS RAV 4;;;2020-09-05 00:00;20:00:00;;30;0;0;0;2020-08-31;2020-09-06
787;OUEST 1;SOUBRE;TEMPLE DU ZOUGLOU;;;2020-09-05 00:00;20:00:00;;30;0;0;0;2020-08-31;2020-09-06
788;OUEST 1;SOUBRE;MAQUIS 1759;;;2020-09-05 00:00;20:00:00;;45;0;0;0;2020-08-31;2020-09-06
789;OUEST 1;SOUBRE;BAR SOUBRE PARIS;;;2020-09-05 00:00;20:00:00;;40;0;0;0;2020-08-31;2020-09-06
790;OUEST 1;SAN PEDRO;VOG ;;;2020-09-05 00:00;20:00:00;;45;0;0;0;2020-08-31;2020-09-06
791;OUEST 1;SAN PEDRO;TATAMY;;;2020-09-05 00:00;20:00:00;;45;0;0;0;2020-08-31;2020-09-06
792;OUEST 1;SAN PEDRO;BRASSERIE;;;2020-09-05 00:00;20:00:00;;25;0;0;0;2020-08-31;2020-09-06
793;OUEST 1;GAGNOA;ZOUGLOU ONI;;;2020-09-05 00:00;20:00:00;;60;0;0;0;2020-08-31;2020-09-06
794;OUEST 1;GAGNOA;ZOUGLOU FASHION;;;2020-09-05 00:00;20:00:00;;60;0;0;0;2020-08-31;2020-09-06
795;OUEST 1;GAGNOA;ALLONS À GAGNOA;;;2020-09-05 00:00;18:00:00;;60;0;0;0;2020-08-31;2020-09-06
796;OUEST 1;GAGNOA;PARC DES PRINCES;;;2020-09-05 00:00;18:00:00;;60;0;0;0;2020-08-31;2020-09-06
797;OUEST 1;GAGNOA;CAVE DES ROIS;;;2020-09-05 00:00;18:00:00;;60;0;0;0;2020-08-31;2020-09-06
798;OUEST 1;GAGNOA;ESPACE COMPAGNIE;;;2020-09-05 00:00;18:00:00;;60;0;0;0;2020-08-31;2020-09-06
799;OUEST 2;DALOA;RAME PLUS;;;2020-09-03 00:00;17:00:00;;30;0;0;0;2020-08-31;2020-09-06
800;OUEST 2;DALOA;CARTEL;;;2020-09-03 00:00;17:00:00;;30;0;0;0;2020-08-31;2020-09-06
801;OUEST 2;DALOA;ZOUGLOU CHEZ ADE;;;2020-09-03 00:00;17:00:00;;50;0;0;0;2020-08-31;2020-09-06
802;OUEST 2;DALOA;VELODROME MAQUIS;;;2020-09-03 00:00;17:00:00;;30;0;0;0;2020-08-31;2020-09-06
803;OUEST 2;DALOA;STATION;;;2020-09-03 00:00;17:00:00;;40;0;0;0;2020-08-31;2020-09-06
804;OUEST 2;MAN;BOOSTER;;;2020-09-03 00:00;17:00:00;;40;0;0;0;2020-08-31;2020-09-06
805;OUEST 2;MAN;KONG;;;2020-09-03 00:00;17:00:00;;30;0;0;0;2020-08-31;2020-09-06
806;OUEST 2;MAN;CASINO;;;2020-09-03 00:00;17:00:00;;30;0;0;0;2020-08-31;2020-09-06
807;OUEST 2;MAN;CHILL OUT ;;;2020-09-03 00:00;17:00:00;;40;0;0;0;2020-08-31;2020-09-06
808;OUEST 2;MAN;SICOGY;;;2020-09-03 00:00;17:00:00;;40;0;0;0;2020-08-31;2020-09-06
809;OUEST 2;DUEKOUE;DIZAHINER (BAR);;;2020-09-03 00:00;17:00:00;;30;0;0;0;2020-08-31;2020-09-06
810;OUEST 2;DUEKOUE;CONNEXION;;;2020-09-03 00:00;17:00:00;;30;0;0;0;2020-08-31;2020-09-06
811;OUEST 2;DUEKOUE;TRIO VIP;;;2020-09-03 00:00;17:00:00;;30;0;0;0;2020-08-31;2020-09-06
812;OUEST 2;DALOA;RAME PLUS;;;2020-09-04 00:00;21:00:00;;30;0;0;0;2020-08-31;2020-09-06
813;OUEST 2;DALOA;CARTEL;;;2020-09-04 00:00;16:00:00;;30;0;0;0;2020-08-31;2020-09-06
814;OUEST 2;DALOA;ZOUGLOU CHEZ ADE;;;2020-09-04 00:00;17:00:00;;50;0;0;0;2020-08-31;2020-09-06
815;OUEST 2;DALOA;VELODROME MAQUIS;;;2020-09-04 00:00;19:00:00;;30;0;0;0;2020-08-31;2020-09-06
816;OUEST 2;DALOA;STATION;;;2020-09-04 00:00;20:00:00;;40;0;0;0;2020-08-31;2020-09-06
817;OUEST 2;MAN;BOOSTER;;;2020-09-04 00:00;19:00:00;;40;0;0;0;2020-08-31;2020-09-06
818;OUEST 2;MAN;KONG;;;2020-09-04 00:00;19:00:00;;30;0;0;0;2020-08-31;2020-09-06
819;OUEST 2;MAN;CASINO;;;2020-09-04 00:00;19:00:00;;30;0;0;0;2020-08-31;2020-09-06
820;OUEST 2;MAN;CHILL OUT ;;;2020-09-04 00:00;19:00:00;;40;0;0;0;2020-08-31;2020-09-06
821;OUEST 2;MAN;SICOGY;;;2020-09-04 00:00;19:00:00;;40;0;0;0;2020-08-31;2020-09-06
822;OUEST 2;DUEKOUE;DIZAHINER (BAR);;;2020-09-04 00:00;19:00:00;;30;0;0;0;2020-08-31;2020-09-06
823;OUEST 2;DUEKOUE;CONNEXION;;;2020-09-04 00:00;17:00:00;;30;0;0;0;2020-08-31;2020-09-06
824;OUEST 2;DUEKOUE;TRIO VIP;;;2020-09-04 00:00;19:00:00;;30;0;0;0;2020-08-31;2020-09-06
825;OUEST 2;DALOA;RAME PLUS;;;2020-09-05 00:00;21:00:00;;30;0;0;0;2020-08-31;2020-09-06
826;OUEST 2;DALOA;CARTEL;;;2020-09-05 00:00;16:00:00;;30;0;0;0;2020-08-31;2020-09-06
827;OUEST 2;DALOA;ZOUGLOU CHEZ ADE;;;2020-09-05 00:00;17:00:00;;50;0;0;0;2020-08-31;2020-09-06
828;OUEST 2;DALOA;VELODROME MAQUIS;;;2020-09-05 00:00;19:00:00;;30;0;0;0;2020-08-31;2020-09-06
829;OUEST 2;DALOA;STATION;;;2020-09-05 00:00;20:00:00;;40;0;0;0;2020-08-31;2020-09-06
830;OUEST 2;MAN;BOOSTER;;;2020-09-05 00:00;19:00:00;;40;0;0;0;2020-08-31;2020-09-06
831;OUEST 2;MAN;KONG;;;2020-09-05 00:00;19:00:00;;30;0;0;0;2020-08-31;2020-09-06
832;OUEST 2;MAN;CASINO;;;2020-09-05 00:00;19:00:00;;30;0;0;0;2020-08-31;2020-09-06
833;OUEST 2;MAN;CHILL OUT ;;;2020-09-05 00:00;19:00:00;;40;0;0;0;2020-08-31;2020-09-06
834;OUEST 2;MAN;SICOGY;;;2020-09-05 00:00;19:00:00;;40;0;0;0;2020-08-31;2020-09-06
835;OUEST 2;DUEKOUE;DIZAHINER (BAR);;;2020-09-05 00:00;19:00:00;;30;0;0;0;2020-08-31;2020-09-06
836;OUEST 2;DUEKOUE;CONNEXION;;;2020-09-05 00:00;17:00:00;;30;0;0;0;2020-08-31;2020-09-06
837;OUEST 2;DUEKOUE;TRIO VIP;;;2020-09-05 00:00;19:00:00;;30;0;0;0;2020-08-31;2020-09-06
